tweet_id,datetime,text,user,likes,retweets,sentiment
gen_3051,2024-12-10 08:15:22,"The SEC is finally being challenged in court. Massive win for clarity!",user_44,12000,3400,positive
gen_3052,2024-12-10 10:45:10,"Politicians only care about Bitcoin when it is election season. Don't be fooled.",user_19,5600,1200,negative
gen_3053,2024-12-10 11:30:05,"MiCA regulation in Europe is a double-edged sword. Safety vs innovation.",user_88,1200,340,neutral
gen_3054,2024-12-10 14:22:18,"Bitcoin is the ultimate exit from failing state-controlled currencies.",user_21,8900,2100,positive
gen_3055,2024-12-10 15:12:44,"Rumors of another crypto ban in Asia. FUD season is officially back.",user_77,3400,980,negative
gen_3056,2024-12-11 09:05:59,"The US is falling behind in blockchain innovation due to aggressive regulation.",user_33,11000,4500,negative
gen_3057,2024-12-11 12:00:01,"Candidate X promised to make BTC a strategic reserve asset. Huge news!",user_99,2300,560,positive
gen_3058,2024-12-11 21:33:12,"CBDCs are just high-tech surveillance tools. Bitcoin is privacy.",user_15,15000,6700,positive
gen_3059,2024-12-12 07:45:30,"Senate hearing on crypto was a disaster. They don't understand wallets.",user_44,4200,1100,negative
gen_3060,2024-12-12 15:20:10,"Institutional money won't enter until the regulatory fog clears.",user_22,3100,890,neutral
gen_3061,2024-12-13 10:10:45,"El Salvador proving that Bitcoin can be legal tender. Nations are watching.",user_67,1900,430,positive
gen_3062,2024-12-13 18:55:23,"Taxing unrealized crypto gains is a direct attack on innovation.",user_10,25000,9800,negative
gen_3063,2024-12-14 09:05:12,"The IMF keeps warning countries against BTC. That is a bullish signal.",user_55,4500,1200,positive
gen_3064,2024-12-14 22:40:00,"Bitcoin does not have a lobbyist, it has a protocol. Unstoppable.",user_81,7800,2300,positive
gen_3065,2024-12-15 11:15:33,"China banning Bitcoin again? At this point, nobody even cares.",user_39,2100,650,neutral
gen_3066,2024-12-15 23:58:19,"Privacy coins delisted due to gov pressure. The war on privacy is on.",user_61,5600,1400,negative
gen_3067,2024-12-16 13:12:44,"SEC regulation by enforcement is killing the American tech dream.",user_94,3400,900,negative
gen_3068,2024-12-16 20:05:01,"Every time a bank fails, politicians push for CBDCs. Buy Bitcoin.",user_20,6700,1800,positive
gen_3069,2024-12-17 08:30:15,"G20 is discussing global crypto standards. We need one rulebook.",user_11,8900,3100,neutral
gen_3070,2024-12-17 16:45:50,"Bitcoin is a hedge against geopolitical instability. Pure and simple.",user_50,2300,540,positive
gen_3071,2024-12-18 09:10:00,"Crypto lobbying in DC is finally starting to show some results.",user_44,12000,4300,positive
gen_3072,2024-12-18 11:55:12,"State-level crypto laws are popping up. Decentralizing the law itself.",user_60,4500,1100,positive
gen_3073,2024-12-18 14:30:45,"The debate over mining energy is 90% politics and 10% science.",user_19,3200,780,neutral
gen_3074,2024-12-18 19:15:30,"Governments hate what they cannot control. Bitcoin is freedom.",user_30,6700,2100,positive
gen_3075,2024-12-19 08:05:11,"A pro-crypto president could send BTC to the moon in days.",user_5,8900,2900,positive
gen_3076,2024-12-19 12:40:22,"The Anti-Crypto Army is losing supporters to the truth of math.",user_82,1500,320,positive
gen_3077,2024-12-19 15:55:01,"Gov only hates crypto when banks start losing their customers.",user_90,2400,610,negative
gen_3078,2024-12-20 07:12:33,"Bitcoin is a peaceful weapon against financial tyranny. HODL.",user_22,13000,5200,positive
gen_3079,2024-12-20 13:22:50,"Regulatory clarity will be boring but it will bring the big money.",user_11,7600,2200,neutral
gen_3080,2024-12-20 21:05:19,"Don't trust politicians. Trust the code. It is honest.",user_7,3400,900,positive
gen_3081,2024-12-21 10:15:44,"Banning self-custody is a declaration of war on financial rights.",user_55,5600,1500,negative
gen_3082,2024-12-21 18:30:00,"Stablecoins are the bridge between the old world and the new one.",user_13,9800,3100,neutral
gen_3083,2024-12-22 09:45:11,"Imagine the tax revenue of a crypto-friendly city. Massive potential.",user_8,4200,1100,positive
gen_3084,2024-12-22 14:12:55,"When gov prints money, they steal your time. Bitcoin stops it.",user_66,3100,780,positive
gen_3085,2024-12-22 23:50:33,"Politics is just noise. The hash rate is the only real signal.",user_11,1200,290,neutral
gen_3086,2024-12-23 11:20:10,"New reporting requirements are just surveillance with a different name.",user_4,5400,1300,negative
gen_3087,2024-12-23 16:05:45,"Decentralization is the only way to protect wealth from bad policy.",user_56,6700,2100,positive
gen_3088,2024-12-24 08:30:12,"Bitcoin is non-partisan. It is for everyone, regardless of party.",user_70,2100,450,positive
gen_3089,2024-12-24 15:45:20,"Digital Dollar sounds like a surveillance prison for your savings.",user_2,8900,2400,negative
gen_3090,2024-12-24 22:15:00,"BTC still reacts to the Fed. We are not fully decoupled yet.",user_33,4300,1100,neutral
gen_3091,2024-12-25 09:12:33,"Bitcoin is the only gift that cannot be seized or censored.",user_89,1500,320,positive
gen_3092,2024-12-25 13:55:10,"Adopting BTC is like moving from candles to electric light.",user_15,7800,2200,positive
gen_3093,2024-12-25 18:30:55,"Regulatory overreach is a sign of fear. They are losing control.",user_74,3200,890,positive
gen_3094,2024-12-26 07:15:22,"Another major nation is legalizing crypto. The dominoes are falling.",user_1,15000,5600,positive
gen_3095,2024-12-26 12:40:40,"The SEC is losing credibility with every lawsuit they lose.",user_99,4100,950,negative
gen_3096,2024-12-26 16:10:05,"Politics and crypto have a toxic relationship but adoption continues.",user_41,2300,540,neutral
gen_3097,2024-12-27 09:05:33,"Bitcoin doesn't care who you voted for. It just processes blocks.",user_20,9800,3200,positive
gen_3098,2024-12-27 14:55:12,"The IMF begging countries to stop using BTC is pure comedy.",user_6,3400,890,negative
gen_3099,2024-12-27 20:30:45,"A crypto-friendly congress will change the game for American retail.",user_3,6700,2100,positive
gen_3100,2024-12-28 11:20:18,"Financial sovereignty is the most important political issue today.",user_10,12000,4500,positive
gen_3101,2024-12-28 08:12:44,"Politicians use crypto as a scapegoat for their own economic failures.",user_66,3400,890,negative
gen_3102,2024-12-29 13:45:10,"The US national debt is the best marketing for Bitcoin. 34 Trillion reasons.",user_19,6700,1800,positive
gen_3103,2024-12-29 09:30:05,"Central banks are buying gold. Smart people are buying Bitcoin. Same goal.",user_84,2100,450,positive
gen_3104,2024-12-30 15:22:18,"The legal battle for crypto is being won in the courts, not the senate.",user_30,8900,2400,positive
gen_3105,2024-12-30 21:12:44,"Governments will eventually hold BTC to keep up with the world economy.",user_72,6700,1800,positive
gen_3106,2024-12-31 10:05:59,"New Year Resolution: Move savings into the only system they cannot print.",user_99,15000,5600,positive
gen_3107,2024-12-31 16:00:01,"Regulatory clarity is the final step for pension funds to buy BTC.",user_11,3100,780,neutral
gen_3108,2024-12-31 23:33:12,"Bitcoin is a vote for a better future. Happy New Year to the HODLers!",user_55,5600,1400,positive
gen_3109,2025-01-01 07:45:30,"2025 will be the year politics and crypto finally merge into the main flow.",user_48,12000,4500,positive
gen_3110,2025-01-01 14:20:10,"The Fed interest rate policy is the only thing the market cares about now.",user_20,2300,540,neutral
gen_3111,2025-01-02 11:10:45,"Seeing the first country in Africa make BTC a legal reserve asset. History!",user_61,3400,890,positive
gen_3112,2025-01-02 19:55:23,"The government cannot stop Bitcoin, but they can make it annoying to use.",user_10,6700,1800,negative
gen_3113,2025-01-03 08:05:12,"Bitcoin is the separation of Money and State. The most important divorce.",user_41,12000,4500,positive
gen_3114,2025-01-03 22:40:00,"The debate about crypto taxes is just getting started. Get an accountant.",user_77,4500,1100,neutral
gen_3115,2025-01-04 10:15:33,"Western countries are banning crypto while the global south is adopting it.",user_34,3100,780,negative
gen_3116,2025-01-04 23:58:19,"The bull run is inevitable when the political class starts using BTC.",user_60,5600,1400,positive
gen_3117,2025-01-05 12:12:44,"If you do not own your keys, a politician owns your money. Fact.",user_92,2100,450,negative
gen_3118,2025-01-05 20:05:01,"The transparency of the blockchain is exactly what corrupt gov hates.",user_20,8900,2400,positive
gen_3119,2025-01-06 09:30:15,"Bitcoin is the ultimate check and balance for the 21st century.",user_12,6700,1800,positive
gen_3120,2025-01-06 17:45:50,"Smart contracts replace bureaucracy. No wonder the system is scared.",user_50,3400,900,positive
gen_3121,2025-01-07 10:10:00,"The era of state-controlled money is slowly coming to an end.",user_40,15000,5600,positive
gen_3122,2025-01-07 14:55:12,"Regulation does not have to be bad. It just has to be fair and clear.",user_68,4200,1100,neutral
gen_3123,2025-01-08 08:30:45,"The more they attack Bitcoin, the more they prove why we need it.",user_17,3100,780,positive
gen_3124,2025-01-08 15:15:30,"A world with Bitcoin is a world with less war. You cannot print bombs.",user_30,5600,1400,positive
gen_3125,2025-01-09 09:05:11,"Bitcoin is the truth. Politics is the spin. Choose the ledger.",user_51,8900,2400,positive
gen_3126,2025-01-09 13:40:22,"Adoption in Turkey and Argentina is a humanitarian success story.",user_86,2300,540,positive
gen_3127,2025-01-09 18:55:01,"The Ethereum ecosystem is becoming a political force for developers.",user_90,6700,1800,positive
gen_3128,2025-01-10 07:12:33,"Bitcoin mining balances the grid and uses waste energy. Green victory.",user_27,12000,4500,positive
gen_3129,2025-01-10 12:22:50,"The fight for crypto is the fight for the soul of the internet.",user_11,7800,2100,positive
gen_3130,2025-01-10 21:05:19,"When politicians say they protect investors, they protect the banks.",user_72,3400,900,negative
gen_3131,2025-01-11 11:15:44,"Decentralized science will bypass state-controlled funding hurdles.",user_55,2100,450,positive
gen_3132,2025-01-11 17:30:00,"The only thing worse than a bank run is a government freeze on assets.",user_14,15000,5600,negative
gen_3133,2025-01-12 10:45:11,"Bitcoin is the first neutral global currency. No country has an edge.",user_81,4200,1100,positive
gen_3134,2025-01-12 15:12:55,"Politics will delay the future, but it cannot stop the technology.",user_69,8900,2400,positive
gen_3135,2025-01-12 22:50:33,"Stablecoins are currently the best way to move USD across borders.",user_11,3100,780,positive
gen_3136,2025-01-13 09:20:10,"The next election cycle will be the first proper Crypto Election.",user_43,5600,1400,positive
gen_3137,2025-01-13 14:05:45,"Politicians getting ratioed for terrible crypto takes is my hobby.",user_59,2300,540,positive
gen_3138,2025-01-14 08:30:12,"Bitcoin is a peaceful protest against the debasement of human labor.",user_70,6700,1800,positive
gen_3139,2025-01-14 16:45:20,"The freedom to save in a currency that is not inflated is a miracle.",user_22,12000,4500,positive
gen_3140,2025-01-14 21:15:00,"Stay vigilant. The regulatory class is coming for DeFi protocols.",user_38,3400,900,negative
gen_3141,2025-01-15 10:12:33,"Blockchain is the ultimate tool for genuine government transparency.",user_80,2100,450,positive
gen_3142,2025-01-15 14:55:10,"Market resilience against political FUD is the most bullish signal.",user_15,8900,2400,positive
gen_3143,2025-01-15 19:30:55,"Crypto is the new frontier of individual liberty and property rights.",user_79,6700,1800,positive
gen_3144,2025-01-16 08:15:22,"Financial freedom is the only way to be independent of political whims.",user_10,15000,5600,positive
gen_3145,2025-01-16 13:40:40,"Efficiency of a blockchain replaces the need for massive bureaucracy.",user_92,4200,1100,positive
gen_3146,2025-01-16 17:10:05,"Web3 is how we reclaim the internet from centralized state control.",user_41,3100,780,positive
gen_3147,2025-01-17 09:05:33,"Bitcoin is a global asset for a truly global and open society.",user_20,5600,1400,positive
gen_3148,2025-01-17 14:55:12,"Governments that embrace crypto will prosper in the next decade.",user_6,2300,540,neutral
gen_3149,2025-01-17 20:30:45,"The crypto industry needs to fund more pro-innovation candidates.",user_3,6700,1800,neutral
gen_3150,2025-01-18 11:20:18,"History will see this era as the Great Financial Reorganization.",user_10,12000,4500,positive
gen_3151,2025-01-18 13:40:12,"Privacy is not a crime. Surveillance is. Support privacy tech.",user_44,5600,1200,positive
gen_3152,2025-01-18 15:22:44,"Central banks are scared because they cannot print Bitcoin. Good.",user_19,8900,2100,positive
gen_3153,2025-01-18 18:05:30,"Every time a politician bans BTC, another millionaire is made.",user_33,11000,4500,positive
gen_3154,2025-01-19 09:12:05,"Regulatory clarity is a gift, even if the rules are strict initially.",user_11,4200,1100,neutral
gen_3155,2025-01-19 12:45:18,"If the US bans mining, other nations will happily take the revenue.",user_99,6700,1800,neutral
gen_3156,2025-01-19 21:30:44,"Bitcoin is the first democratic money in human history. Owned by all.",user_15,15000,6700,positive
gen_3157,2025-01-20 08:15:10,"The IRS is getting aggressive. Track your on-chain moves carefully.",user_4,3100,890,negative
gen_3158,2025-01-20 14:20:55,"Politicians are realizing they cannot win without the crypto vote.",user_20,12000,4500,positive
gen_3159,2025-01-20 23:50:22,"Bitcoin is the world reserve asset. Everything else is just credit.",user_72,8900,2400,positive
gen_3160,2025-01-21 11:10:44,"Watching gov try to regulate DeFi is like watching them ban gravity.",user_55,5600,1400,positive
gen_3161,2025-01-21 17:30:05,"Stablecoins will be the backbone of the new digital trade routes.",user_13,6700,1800,positive
gen_3162,2025-01-22 09:45:12,"Mining is the only way to monetize stranded energy in rural areas.",user_8,3100,780,positive
gen_3163,2025-01-22 14:12:44,"Governments print money to pay for things they do not have. Toxic.",user_66,8900,2400,negative
gen_3164,2025-01-22 22:50:33,"Sovereignty is the ability to walk away. Bitcoin makes that possible.",user_11,6700,1800,positive
gen_3165,2025-01-23 09:20:10,"Congress needs to pass a clear framework for crypto now. No more delay.",user_43,4500,1100,neutral
gen_3166,2025-01-23 14:05:45,"I trust a decentralized ledger more than any government official.",user_59,12000,4500,positive
gen_3167,2025-01-24 08:30:12,"Bitcoin is a check on the unlimited power of central planners.",user_70,3400,890,positive
gen_3168,2025-01-24 16:45:20,"Freedom to transact is a human right. We will not give it up.",user_22,15000,5600,positive
gen_3169,2025-01-24 21:15:00,"The SEC is losing the war of public opinion. Overreach has costs.",user_38,4200,1100,negative
gen_3170,2025-01-25 10:12:33,"Blockchain voting could solve so many trust issues in elections.",user_80,3100,780,positive
gen_3171,2025-01-25 14:55:10,"The transition to a digital standard is happening faster than expected.",user_15,6700,1800,positive
gen_3172,2025-01-25 19:30:55,"Every law against self-custody is a law for mass surveillance.",user_79,5600,1400,negative
gen_3173,2025-01-26 08:15:22,"Bitcoin is the most important political tool since the internet.",user_10,8900,2400,positive
gen_3174,2025-01-26 13:40:40,"Efficiency of smart contracts will make lawyers less expensive.",user_92,2300,540,positive
gen_3175,2025-01-26 17:10:05,"Decentralization protects the small guy from the big system.",user_41,11000,4500,positive
gen_3176,2025-01-27 09:05:33,"Bitcoin is a global asset. It does not need a single nation's permit.",user_20,4500,1100,positive
gen_3177,2025-01-27 14:55:12,"Nations that buy BTC today will lead the world in twenty years.",user_6,15000,5600,positive
gen_3178,2025-01-27 20:30:45,"The current financial system is a house of cards. Bitcoin is solid.",user_3,6700,1800,positive
gen_3179,2025-01-28 11:20:18,"Separation of money and state is the next big step for humanity.",user_10,12000,4500,positive
gen_3180,2025-01-28 08:12:44,"SEC is trying to kill crypto but they are only making it stronger.",user_66,3400,890,negative
gen_3181,2025-01-29 13:45:10,"Bitcoin is the only asset with no counterparty risk. Pure ownership.",user_19,8900,2400,positive
gen_3182,2025-01-29 09:30:05,"Community building is the most powerful political act in crypto.",user_84,2100,450,positive
gen_3183,2025-01-30 15:22:18,"Global markets are waking up to the utility of stablecoins.",user_30,5600,1400,positive
gen_3184,2025-01-30 21:12:44,"Governments will eventually have no choice but to use the ledger.",user_72,12000,4500,positive
gen_3185,2025-01-31 10:05:59,"Mining is an essential tool for the energy transition. Fact check it.",user_99,4200,1100,positive
gen_3186,2025-01-31 16:00:01,"Financial education starts with understanding what money actually is.",user_11,3100,780,neutral
gen_3187,2025-01-31 23:33:12,"Bitcoin is for the unbanked and the overtaxed alike. Unity.",user_55,15000,6700,positive
gen_3188,2025-02-01 07:45:30,"The world is tired of currency manipulation. We want Bitcoin.",user_48,8900,2400,positive
gen_3189,2025-02-01 14:20:10,"Regulatory overreach is a temporary hurdle on an infinite path.",user_20,6700,1800,neutral
gen_3190,2025-02-02 11:10:45,"Watching the charts while the senate argues about nothing. Relax.",user_61,2300,540,neutral
gen_3191,2025-02-02 19:55:23,"CBDCs are the final boss. Bitcoin is the only weapon we have.",user_10,11000,4500,positive
gen_3192,2025-02-03 08:05:12,"If the law is unfair, the code will provide an alternative.",user_41,4500,1100,positive
gen_3193,2025-02-03 22:40:00,"Taxes are high, inflation is higher. Bitcoin is the only way out.",user_77,15000,5600,positive
gen_3194,2025-02-04 10:15:33,"Politicians who hate crypto usually have something to hide.",user_34,6700,1800,negative
gen_3195,2025-02-04 23:58:19,"Trust in institutions is at zero. Trust in math is at 100.",user_60,12000,4500,positive
gen_3196,2025-02-05 12:12:44,"The ledger is forever. Corruption cannot survive transparency.",user_92,3400,890,positive
gen_3197,2025-02-05 20:05:01,"Bitcoin is the first truly global money system. Borders are over.",user_20,8900,2400,positive
gen_3198,2025-02-06 09:30:15,"Financial sovereignty is a human right. Protect your keys.",user_12,5600,1400,positive
gen_3199,2025-02-06 17:45:50,"Smart contracts are the new legal standard for the digital age.",user_50,2100,450,positive
gen_3200,2025-02-07 10:10:00,"Money should not be a tool for political control. Period.",user_40,15000,6700,positive
gen_3201,2025-02-07 08:15:22,"The SEC just declared another token a security. This is getting old.",user_44,12000,3400,negative
gen_3202,2025-02-07 10:45:10,"Politicians are scared because Bitcoin is a vote of no confidence.",user_19,5600,1200,positive
gen_3203,2025-02-07 11:30:05,"Global coordination for crypto taxes is the next big political war.",user_88,1200,340,neutral
gen_3204,2025-02-07 14:22:18,"Bitcoin is the exit door from a burning building called fiat.",user_21,8900,2100,positive
gen_3205,2025-02-07 15:12:44,"Rumors of a new crypto bill in the EU. MiCA was just the start.",user_77,3400,980,neutral
gen_3206,2025-02-08 09:05:59,"Innovation follows the path of least resistance. Goodbye high tax gov.",user_33,11000,4500,positive
gen_3207,2025-02-08 12:00:01,"Every town needs a Bitcoin miner to fix their energy grid problems.",user_99,2300,560,positive
gen_3208,2025-02-08 21:33:12,"CBDC is just a bank account with more rules and less freedom.",user_15,15000,6700,negative
gen_3209,2025-02-09 07:45:30,"Senate hearings are just theater. The real work is in the code.",user_44,4200,1100,negative
gen_3210,2025-02-09 15:20:10,"Institutional money needs a green light from the regulators first.",user_22,3100,890,neutral
gen_3211,2025-02-10 10:10:45,"Small nations are realizing Bitcoin is their way to global wealth.",user_67,1900,430,positive
gen_3212,2025-02-10 18:55:23,"Privacy is a basic requirement for a free society. HODL privacy.",user_10,25000,9800,positive
gen_3213,2025-02-11 09:05:12,"IMF is crying about crypto again. That is how you know it works.",user_55,4500,1200,positive
gen_3214,2025-02-11 22:40:00,"Code is law. Everything else is just a temporary human opinion.",user_81,7800,2300,positive
gen_3215,2025-02-12 11:15:33,"The US will eventually follow where El Salvador led. Just watch.",user_39,2100,650,positive
gen_3216,2025-02-12 23:58:19,"Privacy coins delisted in EU. They are coming for your secrets.",user_61,5600,1400,negative
gen_3217,2025-02-13 13:12:44,"The SEC regulation by enforcement strategy is finally failing.",user_94,3400,900,positive
gen_3218,2025-02-13 20:05:01,"When the banks fail, the government will blame your crypto wallet.",user_20,6700,1800,negative
gen_3219,2025-02-14 08:30:15,"Global standards for crypto are coming. Hope they are fair ones.",user_11,8900,3100,neutral
gen_3220,2025-02-14 16:45:50,"Bitcoin is a hedge against politics. It is purely mathematical.",user_50,2300,540,positive
gen_3221,2025-02-15 09:10:00,"The lobbyists in DC are finally earning their keep for crypto.",user_44,12000,4300,positive
gen_3222,2025-02-15 11:55:12,"State laws are more innovative than federal ones right now.",user_60,4500,1100,positive
gen_3223,2025-02-15 14:30:45,"The energy debate is a distraction from the financial revolution.",user_19,3200,780,neutral
gen_3224,2025-02-15 19:15:30,"Freedom is the ability to move your value without permission.",user_30,6700,2100,positive
gen_3225,2025-02-16 08:05:11,"A Bitcoin friendly administration would change the global economy.",user_5,8900,2900,positive
gen_3226,2025-02-16 12:40:22,"The Anti-Crypto Army is being defeated by pure logic and adoption.",user_82,1500,320,positive
gen_3227,2025-02-16 15:55:01,"Government hate for crypto is just fear of their own irrelevance.",user_90,2400,610,negative
gen_3228,2025-02-17 07:12:33,"Bitcoin is a peaceful weapon against state-sponsored theft.",user_22,13000,5200,positive
gen_3229,2025-02-17 13:22:50,"Clarity will bring the trillions. The wait is almost over.",user_11,7600,2200,neutral
gen_3230,2025-02-17 21:05:19,"Math does not lie. Politicians do. Choose the code every time.",user_7,3400,900,positive
gen_3231,2025-02-18 10:15:44,"If they ban self-custody, they ban financial independence.",user_55,5600,1500,negative
gen_3232,2025-02-18 18:30:00,"Stablecoins bring the dollar to people who actually need it.",user_13,9800,3100,positive
gen_3233,2025-02-19 09:45:11,"The revenue from crypto mining can rebuild our infrastructure.",user_8,4200,1100,positive
gen_3234,2025-02-19 14:12:55,"Printing money steals from the poor. Bitcoin fixes the money.",user_66,3100,780,positive
gen_3235,2025-02-19 23:50:33,"The hash rate is the heartbeat of a new global order. Focus on it.",user_11,1200,290,positive
gen_3236,2025-02-20 11:20:10,"Surveillance in crypto is just another way for gov to keep control.",user_4,5400,1300,negative
gen_3237,2025-02-20 16:05:45,"Decentralization protects the common man from the political class.",user_56,6700,2100,positive
gen_3238,2025-02-21 08:30:12,"Bitcoin is for the left and the right. It is human money.",user_70,2100,450,positive
gen_3239,2025-02-21 15:45:20,"The Digital Dollar is just a leash for your financial life. Reject it.",user_2,8900,2400,negative
gen_3240,2025-02-21 22:15:00,"BTC and the Fed are still dancing. Soon we will break the lead.",user_33,4300,1100,neutral
gen_3241,2025-02-22 09:12:33,"Bitcoin is the holiday that lasts all year for your savings.",user_89,1500,320,positive
gen_3242,2025-02-22 13:55:10,"Traditional finance is the past. Digital assets are the future.",user_15,7800,2200,positive
gen_3243,2025-02-22 18:30:55,"Regulation by enforcement is an admission of political failure.",user_74,3200,890,negative
gen_3244,2025-02-23 07:15:22,"Another nation adopts BTC as reserve. The world is changing.",user_1,15000,5600,positive
gen_3245,2025-02-23 12:40:40,"SEC is losing lawsuits left and right. The court knows the truth.",user_99,4100,950,positive
gen_3246,2025-02-23 16:10:05,"The intersection of politics and crypto is the most exciting area.",user_41,2300,540,neutral
gen_3247,2025-02-24 09:05:33,"Bitcoin is the impartial judge of the global financial system.",user_20,9800,3200,positive
gen_3248,2025-02-24 14:55:12,"IMF warnings are just ads for why you should buy more Bitcoin.",user_6,3400,890,positive
gen_3249,2025-02-24 20:30:45,"The crypto vote will be the deciding factor in the next election.",user_3,6700,2100,positive
gen_3250,2025-02-25 11:20:18,"Financial sovereignty is not a dream. It is a digital reality.",user_10,12000,4500,positive
gen_3251,2025-02-25 08:12:44,"Politicians are finally waking up to the power of the crypto community.",user_66,3400,890,positive
gen_3252,2025-02-26 13:45:10,"The debt ceiling is a joke. Bitcoin is the only real ceiling.",user_19,6700,1800,positive
gen_3253,2025-02-26 09:30:05,"Central bank digital currencies are the opposite of Bitcoin freedom.",user_84,2100,450,negative
gen_3254,2025-02-27 15:22:18,"Courts are the only place where crypto gets a fair hearing.",user_30,8900,2400,positive
gen_3255,2025-02-27 21:12:44,"Every state in the world will eventually have a Bitcoin strategy.",user_72,6700,1800,positive
gen_3256,2025-02-28 10:05:59,"Savings should be protected by math, not by government decree.",user_99,15000,5600,positive
gen_3257,2025-02-28 16:00:01,"Clarity is the final hurdle before the institutional floodgates open.",user_11,3100,780,neutral
gen_3258,2025-02-28 23:33:12,"Bitcoin is a vote for an honest future. Join the revolution.",user_55,5600,1400,positive
gen_3259,2025-03-01 07:45:30,"2025 is the year of institutional political adoption of BTC.",user_48,12000,4500,positive
gen_3260,2025-03-01 14:20:10,"Fed policy will always be the tail that wags the market dog.",user_20,2300,540,neutral
gen_3261,2025-03-02 11:10:45,"Seeing nations compete for miners is the new digital arms race.",user_61,3400,890,positive
gen_3262,2025-03-02 19:55:23,"Government can slow us down but they cannot stop the protocol.",user_10,6700,1800,positive
gen_3263,2025-03-03 08:05:12,"Bitcoin is the divorce papers between you and the central bank.",user_41,12000,4500,positive
gen_3264,2025-03-03 22:40:00,"Tax laws for crypto are a mess. We need simpler rules for all.",user_77,4500,1100,negative
gen_3265,2025-03-04 10:15:33,"Global south leading the way while the west argues about definitions.",user_34,3100,780,positive
gen_3266,2025-03-04 23:58:19,"Bullish on politics being forced to adapt to the reality of crypto.",user_60,5600,1400,positive
gen_3267,2025-03-05 12:12:44,"Own your keys or stay a slave to the banking system. Choose.",user_92,2100,450,negative
gen_3268,2025-03-05 20:05:01,"Blockchain transparency makes government waste impossible to hide.",user_20,8900,2400,positive
gen_3269,2025-03-06 09:30:15,"Bitcoin is the only neutral ground in the current global conflict.",user_12,6700,1800,positive
gen_3270,2025-03-06 17:45:50,"Smart contracts will eventually replace most of the tax code.",user_50,3400,900,positive
gen_3271,2025-03-07 10:10:00,"The end of state-controlled money is the beginning of true liberty.",user_40,15000,5600,positive
gen_3272,2025-03-07 14:55:12,"Fair regulation is all we ask for. The technology does the rest.",user_68,4200,1100,neutral
gen_3273,2025-03-08 08:30:45,"Attacking Bitcoin only makes the case for its existence stronger.",user_17,3100,780,positive
gen_3274,2025-03-08 15:15:30,"A world with Bitcoin has fewer incentives for global warfare.",user_30,5600,1400,positive
gen_3275,2025-03-09 09:05:11,"Bitcoin is truth in a world of political hallucinations. Buy it.",user_51,8900,2400,positive
gen_3276,2025-03-09 13:40:22,"Humanitarian aid via crypto is saving lives in war zones right now.",user_86,2300,540,positive
gen_3277,2025-03-09 18:55:01,"Ethereum is the foundation for a new digital democracy. Build on.",user_90,6700,1800,positive
gen_3278,2025-03-10 07:12:33,"Mining with waste methane is the biggest environmental win ever.",user_27,12000,4500,positive
gen_3279,2025-03-10 12:22:50,"The fight for the internet is the fight for the blockchain.",user_11,7800,2100,positive
gen_3280,2025-03-10 21:05:19,"When they say they protect you, they mean they want your data.",user_72,3400,900,negative
gen_3281,2025-03-11 11:15:44,"Decentralized science will change how we fund our future. Huge.",user_55,2100,450,positive
gen_3282,2025-03-11 17:30:00,"Government asset freezes are the best advertisement for self-custody.",user_14,15000,5600,positive
gen_3283,2025-03-12 10:45:11,"Bitcoin is the first asset that belongs to humanity, not a state.",user_81,4200,1100,positive
gen_3284,2025-03-12 15:12:55,"Politics is just a lagging indicator for the tech revolution.",user_69,8900,2400,positive
gen_3285,2025-03-12 22:50:33,"Stablecoins are the most successful financial product of the decade.",user_11,3100,780,positive
gen_3286,2025-03-13 09:20:10,"Next election will be won or lost on the crypto platform. Watch.",user_43,5600,1400,positive
gen_3287,2025-03-13 14:05:45,"Ratioing anti-crypto politicians is a necessary community service.",user_59,2300,540,positive
gen_3288,2025-03-14 08:30:12,"Bitcoin is a peaceful exit from the circus of modern politics.",user_70,6700,1800,positive
gen_3289,2025-03-14 16:45:20,"Saving in a non-inflationary currency is a fundamental right.",user_22,12000,4500,positive
gen_3290,2025-03-14 21:15:00,"Vigilance is required as the old system tries to fight back.",user_38,3400,900,neutral
gen_3291,2025-03-15 10:12:33,"Blockchain is the perfect tool for auditing government spending.",user_80,2100,450,positive
gen_3292,2025-03-15 14:55:10,"Market strength against FUD is the sign of a maturing ecosystem.",user_15,8900,2400,positive
gen_3293,2025-03-15 19:30:55,"Crypto is the digital frontier of human liberty. Join the fight.",user_79,6700,1800,positive
gen_3294,2025-03-16 08:15:22,"Individual independence is only possible with financial sovereignty.",user_10,15000,5600,positive
gen_3295,2025-03-16 13:40:40,"Efficiency of the blockchain will end the age of the middleman.",user_92,4200,1100,positive
gen_3296,2025-03-16 17:10:05,"Web3 is how we take the power back from the tech monopolies.",user_41,3100,780,positive
gen_3297,2025-03-17 09:05:33,"Bitcoin is a global asset for a borderless generation. HODL.",user_20,5600,1400,positive
gen_3298,2025-03-17 14:55:12,"Embrace crypto or get left behind in the industrial dustbin.",user_6,2300,540,neutral
gen_3299,2025-03-17 20:30:45,"Pro-tech candidates are the only ones who deserve our support.",user_3,6700,1800,neutral
gen_3300,2025-03-18 11:20:18,"We are living through the birth of a new financial species.",user_10,12000,4500,positive
gen_3301,2025-03-18 08:12:44,"SEC overreach is an attack on the fundamental right to innovate.",user_66,4500,1100,negative
gen_3302,2025-03-19 13:45:10,"Senator takes on crypto are usually thirty years out of date.",user_19,3400,890,negative
gen_3303,2025-03-19 09:30:05,"Resilient communities are the backbone of the Bitcoin movement.",user_84,2100,450,positive
gen_3304,2025-03-20 15:22:18,"Governments hate your privacy because they cannot control it.",user_30,8900,2400,negative
gen_3305,2025-03-20 21:12:44,"Moving towards a world where trust is built into the protocol.",user_72,6700,1800,positive
gen_3306,2025-03-21 10:05:59,"Political corruption is the best reason to use decentralized tech.",user_99,15000,5600,positive
gen_3307,2025-03-21 16:00:01,"Executive orders cannot stop a distributed ledger. Good luck.",user_11,3100,780,positive
gen_3308,2025-03-21 23:33:12,"New laws against crypto will only speed up the adoption of DeFi.",user_55,5600,1400,positive
gen_3309,2025-03-22 07:45:30,"Satoshi gave us a way out of the central banking trap. Use it.",user_48,12000,4500,positive
gen_3310,2025-03-22 14:20:10,"The Fed is stuck between a rock and a hard place. Bitcoin wins.",user_20,2300,540,positive
gen_3311,2025-03-23 11:10:45,"A positive mention of staking in congress? The winds are turning.",user_61,3400,890,positive
gen_3312,2025-03-23 19:55:23,"Decentralization is the only hedge against total political insanity.",user_10,6700,1800,positive
gen_3313,2025-03-24 08:05:12,"Privacy is a prerequisite for liberty. Support privacy protocols.",user_41,2100,450,positive
gen_3314,2025-03-24 22:40:00,"The Digital Yuan is just another tool for state surveillance.",user_77,8900,2400,negative
gen_3315,2025-03-25 10:15:33,"Web3 is how we rebuild the social contract for the modern age.",user_34,6700,1800,positive
gen_3316,2025-03-25 23:58:19,"The political noise will fade but the blockchain will remain.",user_60,15000,5600,positive
gen_3317,2025-03-26 12:12:44,"Clarity in regulation is the spark for the next massive rally.",user_92,3100,780,neutral
gen_3318,2025-03-26 20:05:01,"No politician can delete the history of the blockchain. Truth.",user_20,5600,1400,positive
gen_3319,2025-03-27 09:30:15,"Bitcoin is the ultimate exit from the cycle of state inflation.",user_12,12000,4500,positive
gen_3320,2025-03-27 17:45:50,"People are finally seeing fiat money for what it really is.",user_50,2300,540,positive
gen_3321,2025-03-28 10:10:00,"The most important innovation in finance is happening right now.",user_40,3400,890,positive
gen_3322,2025-03-28 14:55:12,"Competition between nations for crypto friendly rules is great.",user_68,6700,1800,positive
gen_3323,2025-03-29 08:30:45,"Corrupt officials hate the ledger because it never forgets.",user_17,2100,450,positive
gen_3324,2025-03-29 15:15:30,"Owning your keys is an act of digital independence. Do it.",user_30,8900,2400,positive
gen_3325,2025-03-30 09:05:11,"Bitcoin is the only wealth that actually belongs to you. Fact.",user_51,6700,1800,positive
gen_3326,2025-03-30 13:40:22,"The global south is the true engine of crypto adoption today.",user_86,15000,5600,positive
gen_3327,2025-03-30 18:55:01,"Knowledge about crypto is the best weapon against bad politics.",user_90,3100,780,positive
gen_3328,2025-03-31 07:12:33,"Bitcoin is a hedge against the failures of centralized power.",user_27,5600,1400,positive
gen_3329,2025-03-31 12:22:50,"Lightning network is changing the political landscape for small states.",user_11,12000,4500,positive
gen_3330,2025-03-31 21:05:19,"Don't lose focus. The future is decentralized and inevitable.",user_72,2300,540,positive
gen_3331,2025-04-01 11:15:44,"DeSci is going to disrupt the state control of scientific progress.",user_55,2100,450,positive
gen_3332,2025-04-01 17:30:00,"Privacy is not about hiding; it is about protecting your life.",user_14,15000,5600,positive
gen_3333,2025-04-02 10:45:11,"Bitcoin is the first truly global and impartial currency. HODL.",user_81,4200,1100,positive
gen_3334,2025-04-02 15:12:55,"Delayed by politics, but finalized by technology. Stay patient.",user_69,8900,2400,positive
gen_3335,2025-04-02 22:50:33,"Global USD access via stablecoins is a massive win for everyone.",user_11,3100,780,positive
gen_3336,2025-04-03 09:20:10,"Crypto voters are the most informed demographic in modern politics.",user_43,5600,1400,positive
gen_3337,2025-04-03 14:05:45,"Bad takes from politicians are just fuel for the crypto fire.",user_59,2300,540,positive
gen_3338,2025-04-04 08:30:12,"Bitcoin is a protest against the death of the middle class.",user_70,6700,1800,positive
gen_3339,2025-04-04 16:45:20,"Freedom to save without inflation is a basic necessity. HODL.",user_22,12000,4500,positive
gen_3340,2025-04-04 21:15:00,"Old system is fighting because they know they have already lost.",user_38,3400,900,positive
gen_3341,2025-04-05 10:12:33,"Auditing the government on a public blockchain is the ultimate goal.",user_80,2100,450,positive
gen_3342,2025-04-05 14:55:10,"Every new crypto friendly law is a win for the entire world.",user_15,8900,2400,positive
gen_3343,2025-04-05 19:30:55,"Crypto is the last frontier of true individual freedom in 2025.",user_79,6700,1800,positive
gen_3344,2025-04-06 08:15:22,"Financial liberty is the bedrock of a successful and free society.",user_10,15000,5600,positive
gen_3345,2025-04-06 13:40:40,"Automation of trust via blockchain is a massive upgrade for earth.",user_92,4200,1100,positive
gen_3346,2025-04-06 17:10:05,"Reclaiming the digital world from political interference is key.",user_41,3100,780,positive
gen_3347,2025-04-07 09:05:33,"Bitcoin is the first neutral money for a globally connected world.",user_20,5600,1400,positive
gen_3348,2025-04-07 14:55:12,"Governments must adapt or die in the new digital financial era.",user_6,2300,540,neutral
gen_3349,2025-04-07 20:30:45,"We need more tech literacy in the halls of government. Now.",user_3,6700,1800,negative
gen_3350,2025-04-08 11:20:18,"Digital sovereignty is the most important fight of our generation.",user_10,12000,4500,positive
gen_3351,2025-04-08 08:12:44,"Attack on the SEC is an attack on the status quo. Keep going.",user_66,4500,1100,positive
gen_3352,2025-04-09 13:45:10,"Politicians are only catching up to what we knew ten years ago.",user_19,3400,890,neutral
gen_3353,2025-04-09 09:30:05,"Decentralized communities are more powerful than centralized states.",user_84,2100,450,positive
gen_3354,2025-04-10 15:22:18,"The war on cash is a war on privacy. Bitcoin is our defense.",user_30,8900,2400,positive
gen_3355,2025-04-10 21:12:44,"The transition to code-based trust is the biggest shift in history.",user_72,6700,1800,positive
gen_3356,2025-04-11 10:05:59,"Bankers hate Bitcoin because they cannot charge fees to exist.",user_99,15000,5600,positive
gen_3357,2025-04-11 16:00:01,"Blockchain is the only way to prove you own anything digitally.",user_11,3100,780,positive
gen_3358,2025-04-11 23:33:12,"Never stop learning about the tech that will run the future world.",user_55,5600,1400,positive
gen_3359,2025-04-12 07:45:30,"Bitcoin is the most significant tool for peace ever invented.",user_48,12000,4500,positive
gen_3360,2025-04-12 14:20:10,"Scaling is no longer a dream. It is a reality for the planet.",user_20,2300,540,positive
gen_3361,2025-04-13 11:10:45,"Tokenized fine art is just the beginning of on-chain assets.",user_61,3400,890,positive
gen_3362,2025-04-13 19:55:23,"Decentralized social media is the cure for state censorship.",user_10,6700,1800,positive
gen_3363,2025-04-14 08:05:12,"Logistics on the blockchain will end trade friction between gov.",user_41,2100,450,positive
gen_3364,2025-04-14 22:40:00,"Every block mined is a step toward a more honest financial world.",user_77,8900,2400,positive
gen_3365,2025-04-15 10:15:33,"Global community coordination is the true power of the network.",user_34,6700,1800,positive
gen_3366,2025-04-15 23:58:19,"Bull runs prove the demand for freedom cannot be suppressed.",user_60,15000,5600,positive
gen_3367,2025-04-16 12:12:44,"ZK-proofs are the ultimate tool for personal privacy and security.",user_92,3100,780,positive
gen_3368,2025-04-16 20:05:01,"Economic empowerment for the masses is the mission of crypto.",user_20,5600,1400,positive
gen_3369,2025-04-17 09:30:15,"Settling trade in stablecoins is saving nations billions in fees.",user_12,12000,4500,positive
gen_3370,2025-04-17 17:45:50,"Developers are the new architects of the world's trade systems.",user_50,2300,540,positive
gen_3371,2025-04-18 10:10:00,"Bitcoin is the light in a dark tunnel of financial uncertainty.",user_40,3400,890,positive
gen_3372,2025-04-18 14:55:12,"Passive income in DeFi is the real middle class retirement plan.",user_68,6700,1800,positive
gen_3373,2025-04-19 08:30:45,"Transparency will eventually kill the need for tax audits. Great.",user_17,2100,450,positive
gen_3374,2025-04-19 15:15:30,"Control over your wealth is the start of true personal freedom.",user_30,8900,2400,positive
gen_3375,2025-04-20 09:05:11,"Bitcoin belongs to everyone. No state can claim the ledger.",user_51,6700,1800,positive
gen_3376,2025-04-20 13:40:22,"Modern wallet UX is finally ready for your grandmother to use.",user_86,15000,5600,positive
gen_3377,2025-04-20 18:55:01,"Teaching the next generation about money via crypto is vital.",user_90,3100,780,positive
gen_3378,2025-04-21 07:12:33,"Bitcoin is the life raft for a world of sinking currencies.",user_27,5600,1400,positive
gen_3379,2025-04-21 12:22:50,"Scalability unlocks the use cases that will change every life.",user_11,12000,4500,positive
gen_3380,2025-04-21 21:05:19,"Decentralized future is not just a dream. It is being built now.",user_72,2300,540,positive
gen_3381,2025-04-22 11:15:44,"Network effect of crypto is reaching the tipping point in 2025.",user_55,3400,890,positive
gen_3382,2025-04-22 17:30:00,"Control your destiny by owning your private keys. Simple as that.",user_14,6700,1800,positive
gen_3383,2025-04-23 10:45:11,"Hitting the goal of an ETH validator is a massive milestone.",user_81,2100,450,positive
gen_3384,2025-04-23 15:12:55,"The future of property is on-chain. Borders are just lines on maps.",user_69,8900,2400,positive
gen_3385,2025-04-23 22:50:33,"Digital gold is better than physical gold in every single way.",user_11,6700,1800,positive
gen_3386,2025-04-24 09:20:10,"Institutional security for crypto has never been more robust.",user_43,15000,5600,positive
gen_3387,2025-04-24 14:05:45,"Tipping creators directly via crypto is the ultimate peer power.",user_59,3100,780,positive
gen_3388,2025-04-25 08:30:12,"Bitcoin is the most fair financial system humanity has ever built.",user_70,5600,1400,positive
gen_3389,2025-04-25 16:45:20,"Permissionless finance is a requirement for a modern free world.",user_22,12000,4500,positive
gen_3390,2025-04-25 21:15:00,"We are building for the long term. Ignore the daily noise.",user_38,2300,540,positive
gen_3391,2025-04-26 10:12:33,"Green mining is the only way forward. Crypto leads the way.",user_80,3400,890,positive
gen_3392,2025-04-26 14:55:10,"Years in the space and the excitement only grows every day.",user_15,6700,1800,positive
gen_3393,2025-04-26 19:30:55,"Protecting the value of your labor is the ultimate goal of BTC.",user_79,2100,450,positive
gen_3394,2025-04-27 08:15:22,"Financial sovereignty is the bedrock of any future society.",user_10,8900,2400,positive
gen_3395,2025-04-27 13:40:40,"Adoption curve is following the internet. We are still early.",user_92,6700,1800,positive
gen_3396,2025-04-27 17:10:05,"Web3 provides the base for a more equitable global world.",user_41,15000,5600,positive
gen_3397,2025-04-28 09:05:33,"Bitcoin is a mathematical masterpiece. Trust the calculation.",user_20,3100,780,positive
gen_3398,2025-04-28 15:55:12,"Moving your work anywhere with just 12 words is true power.",user_6,5600,1400,positive
gen_3399,2025-04-28 22:30:45,"Decentralization is the only cure for global censorship trends.",user_3,12000,4500,positive
gen_3400,2025-04-29 11:20:18,"Lead the way with decentralized tech. The world will follow.",user_10,2300,540,positive
gen_3401,2025-04-29 08:12:44,"Green candles in DePIN are showing the world we are right.",user_66,3400,890,positive
gen_3402,2025-04-30 13:45:10,"Tokenized my first fund today. The efficiency is just 10/10.",user_19,6700,1800,positive
gen_3403,2025-04-30 09:30:05,"Support for new L2 projects is reaching all time highs. Unity.",user_84,2100,450,positive
gen_3404,2025-05-01 15:22:18,"Institutional SOL adoption is the clear path for this cycle.",user_30,8900,2400,positive
gen_3405,2025-05-01 21:12:44,"Fast and cheap decentralization is solving the trilemma daily.",user_72,6700,1800,positive
gen_3406,2025-05-02 10:05:59,"Generational wealth is earned by having conviction in tech.",user_99,15000,5600,positive
gen_3407,2025-05-02 16:00:01,"Bridging between chains in 30 seconds is the new standard.",user_11,3100,780,positive
gen_3408,2025-05-02 23:33:12,"Respect to the winter HODLers. The sun is finally out again.",user_55,5600,1400,positive
gen_3409,2025-05-03 07:45:30,"Bitcoin is the hardest money. Everything else is a derivative.",user_48,12000,4500,positive
gen_3410,2025-05-03 14:20:10,"Liquid staking is just getting started in the major ecosystems.",user_20,2300,540,positive
gen_3411,2025-05-04 11:10:45,"RWA regulatory approval is the final hurdle for mass adoption.",user_61,3400,890,positive
gen_3412,2025-05-04 19:55:23,"Quit the race. Crypto is the ticket to a meaningful life.",user_10,6700,1800,positive
gen_3413,2025-05-05 08:05:12,"Privacy is a requirement for a free and open digital society.",user_41,2100,450,positive
gen_3414,2025-05-05 22:40:00,"The supercycle is the reality of global tech adoption. HODL.",user_77,8900,2400,positive
gen_3415,2025-05-06 10:15:33,"Own your digital identity or someone else will own your life.",user_34,6700,1800,positive
gen_3416,2025-05-06 23:58:19,"DCA is the most powerful weapon. Stay steady and win.",user_60,15000,5600,positive
gen_3417,2025-05-07 12:12:44,"Bull energy today is unlike anything I have seen in ten years.",user_92,3100,780,positive
gen_3418,2025-05-07 20:05:01,"Crypto is about connecting people without middleman interference.",user_20,5600,1400,positive
gen_3419,2025-05-08 09:30:15,"Supply shock is here. Hope you have been stacking your sats.",user_12,12000,4500,positive
gen_3420,2025-05-08 17:45:50,"Smart contracts will eventually run the entire global economy.",user_50,2300,540,positive
gen_3421,2025-05-09 10:10:00,"Don't bet against the most secure network in history. HODL.",user_40,3400,890,positive
gen_3422,2025-05-09 14:55:12,"This airdrop just changed my life. Thank you decentralization.",user_68,6700,1800,positive
gen_3423,2025-05-10 08:30:45,"UX of swaps is now easier than any banking app on earth.",user_17,2100,450,positive
gen_3424,2025-05-10 15:15:30,"Bank your own self. It is the ultimate personal responsibility.",user_30,8900,2400,positive
gen_3425,2025-05-11 09:05:11,"RWA portfolio gains are showing the power of real world value.",user_51,6700,1800,positive
gen_3426,2025-05-11 13:40:22,"Solana settlement speed is the new benchmark for the world.",user_86,15000,5600,positive
gen_3427,2025-05-11 18:55:01,"Digital assets are the keys to a new fair global economy.",user_90,3100,780,positive
gen_3428,2025-05-12 07:12:33,"Bitcoin is the math revolution. No borders and no masters.",user_27,5600,1400,positive
gen_3429,2025-05-12 12:22:50,"Conviction separates winners from the noise. Stay focused.",user_11,12000,4500,positive
gen_3430,2025-05-12 21:05:19,"Build the future you want to see. We are the pioneers.",user_72,2300,540,positive
gen_3431,2025-05-13 11:15:44,"New milestones in the crypto journey every single month.",user_55,3400,890,positive
gen_3432,2025-05-13 17:30:00,"Financial independence is finally possible for everyone on earth.",user_14,6700,1800,positive
gen_3433,2025-05-14 10:45:11,"Ledger transparency will end financial fraud once and for all.",user_81,2100,450,positive
gen_3434,2025-05-14 15:12:55,"Instantly sending value for fractions of a penny. The goal.",user_69,8900,2400,positive
gen_3435,2025-05-14 22:50:33,"Winning together with the community is the best part of 2025.",user_11,6700,1800,positive
gen_3436,2025-05-15 09:20:10,"Exhilarating to watch the next wave of DeFi protocols go live.",user_43,15000,5600,positive
gen_3437,2025-05-15 14:05:45,"Real impact is seeing people use these tools in their daily life.",user_59,3100,780,positive
gen_3438,2025-05-16 08:30:12,"DePIN will be the backbone of the next generation internet.",user_70,5600,1400,positive
gen_3439,2025-05-16 16:45:20,"The smartest minds in the world are building on Ethereum now.",user_22,12000,4500,positive
gen_3440,2025-05-16 21:15:00,"Conviction in decentralization is at an all time high. HODL.",user_38,2300,540,positive
gen_3441,2025-05-17 10:12:33,"DAO governance is a massive upgrade over old corporate models.",user_80,3400,890,positive
gen_3442,2025-05-17 14:55:10,"Community strength gets us through every storm. Together.",user_15,6700,1800,positive
gen_3443,2025-05-17 19:30:55,"Knowledge is the ultimate bet in the crypto space. Learn more.",user_79,2100,450,positive
gen_3444,2025-05-18 08:15:22,"Moon bag taking off is a feeling that cannot be explained.",user_10,8900,2400,positive
gen_3445,2025-05-18 13:40:40,"Staking is my new retirement fund. Passive income is key.",user_92,6700,1800,positive
gen_3446,2025-05-18 17:10:05,"Massive talent flow into the space is the ultimate signal.",user_41,15000,5600,positive
gen_3447,2025-05-19 09:05:33,"Bitcoin is money for everyone forever. No gatekeepers left.",user_20,3100,780,positive
gen_3448,2025-05-19 15:55:12,"NFT use cases in real estate are dominating the news cycle.",user_6,5600,1400,positive
gen_3449,2025-05-19 22:30:45,"Bitcoin is the life raft that the world is finally noticing.",user_3,12000,4500,positive
gen_3450,2025-05-20 11:20:18,"Transparency and freedom. That is the only crypto way forward.",user_10,2300,540,positive
gen_3451,2025-05-20 08:15:22,"Politicians finally realize they cannot stop a decentralized network.",user_44,12000,3400,positive
gen_3452,2025-05-20 10:45:10,"Don't trust the campaign promises, trust the on-chain activity.",user_19,5600,1200,neutral
gen_3453,2025-05-20 11:30:05,"A new bill for stablecoins could legitimize the whole industry.",user_88,1200,340,positive
gen_3454,2025-05-20 14:22:18,"Bitcoin is the only true neutral reserve in a divided world.",user_21,8900,2100,positive
gen_3455,2025-05-20 15:12:44,"The SEC's credibility is at an all-time low after today's ruling.",user_77,3400,980,negative
gen_3456,2025-05-21 09:05:59,"Mining centers are becoming the new power plants for local gov.",user_33,11000,4500,positive
gen_3457,2025-05-21 12:00:01,"Taxing crypto shouldn't mean killing it. We need fair laws.",user_99,2300,560,neutral
gen_3458,2025-05-21 21:33:12,"Privacy is a human right that the government wants to delete.",user_15,15000,6700,negative
gen_3459,2025-05-22 07:45:30,"Every time they print more fiat, Bitcoin gets more valuable.",user_44,4200,1100,positive
gen_3460,2025-05-22 15:20:10,"Waiting for the ETF approval in several more countries. Scaling.",user_22,3100,890,neutral
gen_3461,2025-05-23 10:10:45,"Small nations using BTC to bypass debt traps is a major win.",user_67,1900,430,positive
gen_3462,2025-05-23 18:55:23,"CBDCs are just the same old system with better surveillance.",user_10,25000,9800,negative
gen_3463,2025-05-24 09:05:12,"Bitcoin mining can save the power grid. Tell your local senator.",user_55,4500,1200,positive
gen_3464,2025-05-24 22:40:00,"The legal battle for self-custody is the fight of our lifetime.",user_81,7800,2300,positive
gen_3465,2025-05-25 11:15:33,"Regulation by enforcement is a dead-end street for regulators.",user_39,2100,650,negative
gen_3466,2025-05-25 23:58:19,"Privacy coins delisted again. The state hates what it can't see.",user_61,5600,1400,negative
gen_3467,2025-05-26 13:12:44,"Crypto lobbyists are finally giving us a voice in the capital.",user_94,3400,900,positive
gen_3468,2025-05-26 20:05:01,"When banks stop transfers to exchanges, you know we are winning.",user_20,6700,1800,positive
gen_3469,2025-05-27 08:30:15,"Global coordination on crypto is inevitable. Hope it's pro-tech.",user_11,8900,3100,neutral
gen_3470,2025-05-27 16:45:50,"Bitcoin is the separation of church and state... for money.",user_50,2300,540,positive
gen_3471,2025-05-28 09:10:00,"Institutional interest in ETH is surging after the recent policy shift.",user_44,12000,4300,positive
gen_3472,2025-05-28 11:55:12,"States that adopt crypto first will be the tech hubs of the future.",user_60,4500,1100,positive
gen_3473,2025-05-28 14:30:45,"Politics can delay the technology but it can't kill the math.",user_19,3200,780,positive
gen_3474,2025-05-28 19:15:30,"Bitcoin is a vote for an honest world. Everything else is a lie.",user_30,6700,2100,positive
gen_3475,2025-05-29 08:05:11,"A pro-crypto president could unlock trillions in sidelined capital.",user_5,8900,2900,positive
gen_3476,2025-05-29 12:40:22,"The Anti-Crypto Army is shrinking as they realize we aren't leaving.",user_82,1500,320,positive
gen_3477,2025-05-29 15:55:01,"Gov only cares about money laundering when it's not their banks.",user_90,2400,610,negative
gen_3478,2025-05-30 07:12:33,"Bitcoin is a tool for peace. You can't print money for bombs anymore.",user_22,13000,5200,positive
gen_3479,2025-05-30 13:22:50,"Clarity will bring institutional stability. Just wait for the flow.",user_11,7600,2200,neutral
gen_3480,2025-05-30 21:05:19,"Math is the only global language. Bitcoin is its currency.",user_7,3400,900,positive
gen_3481,2025-05-31 10:15:44,"Self-custody is the ultimate form of financial independence today.",user_55,5600,1500,positive
gen_3482,2025-05-31 18:30:00,"Stablecoins provide a lifeline for people in hyperinflation countries.",user_13,9800,3100,positive
gen_3483,2025-06-01 09:45:11,"Imagine a city run entirely on Bitcoin revenue. It's coming.",user_8,4200,1100,positive
gen_3484,2025-06-01 14:12:55,"Gov prints money and steals your labor. Bitcoin stops the theft.",user_66,3100,780,positive
gen_3485,2025-06-01 23:50:33,"The hash rate doesn't care about your executive order. Unstoppable.",user_11,1200,290,positive
gen_3486,2025-06-02 11:20:10,"Surveillance in finance is a tool of oppression. Use crypto instead.",user_4,5400,1300,negative
gen_3487,2025-06-02 16:05:45,"Decentralization is the only way to avoid the political debt spiral.",user_56,6700,2100,positive
gen_3488,2025-06-03 08:30:12,"Bitcoin is non-partisan. It's for every person on this planet.",user_70,2100,450,positive
gen_3489,2025-06-03 15:45:20,"The digital dollar is just a surveillance trap for your savings.",user_2,8900,2400,negative
gen_3490,2025-06-03 22:15:00,"Bitcoin will eventually decouple from the stock market entirely.",user_33,4300,1100,positive
gen_3491,2025-06-04 09:12:33,"Bitcoin is the best gift you can give to your future self. HODL.",user_89,1500,320,positive
gen_3492,2025-06-04 13:55:10,"Traditional finance is crumbling. Crypto is the only stable base left.",user_15,7800,2200,positive
gen_3493,2025-06-04 18:30:55,"Regulatory clarity is coming whether the SEC likes it or not.",user_74,3200,890,positive
gen_3494,2025-06-05 07:15:22,"Another major nation adds BTC to their balance sheet. Dominoes.",user_1,15000,5600,positive
gen_3495,2025-06-05 12:40:40,"The SEC is losing power as the court systems start to understand crypto.",user_99,4100,950,positive
gen_3496,2025-06-05 16:10:05,"The intersection of tech and policy is where the future is made.",user_41,2300,540,neutral
gen_3497,2025-06-06 09:05:33,"Bitcoin doesn't care about your politics. It just works.",user_20,9800,3200,positive
gen_3498,2025-06-06 14:55:12,"IMF begging countries to stop using BTC is the best ad for it.",user_6,3400,890,positive
gen_3499,2025-06-06 20:30:45,"A pro-crypto congress is the last hurdle before mass adoption.",user_3,6700,2100,positive
gen_3500,2025-06-07 11:20:18,"Financial sovereignty is the most important human right of the age.",user_10,12000,4500,positive
gen_3501,2025-06-07 08:12:44,"Politicians using crypto for votes is a sign of our growing power.",user_66,3400,890,positive
gen_3502,2025-06-08 13:45:10,"The US debt is unsustainable. Bitcoin is the only logical exit.",user_19,6700,1800,positive
gen_3503,2025-06-08 09:30:05,"CBDCs are the final boss in the war for financial freedom.",user_84,2100,450,negative
gen_3504,2025-06-09 15:22:18,"Judges are finally starting to slap down illegal SEC overreach.",user_30,8900,2400,positive
gen_3505,2025-06-09 21:12:44,"Governments will eventually have to hold BTC to maintain their power.",user_72,6700,1800,positive
gen_3506,2025-06-10 10:05:59,"Bitcoin is a hedge against incompetent central bank planning. HODL.",user_99,15000,5600,positive
gen_3507,2025-06-10 16:00:01,"Regulatory clarity will open the doors to institutional trillions.",user_11,3100,780,neutral
gen_3508,2025-06-10 23:33:12,"Bitcoin is a vote for a better future. Stay steady, stay long.",user_55,5600,1400,positive
gen_3509,2025-06-11 07:45:30,"2025 is proving to be the year politics and crypto truly merge.",user_48,12000,4500,positive
gen_3510,2025-06-11 14:20:10,"Fed policy remains the biggest driver of market volatility today.",user_20,2300,540,neutral
gen_3511,2025-06-12 11:10:45,"Nations competing for the best crypto tax laws is amazing to see.",user_61,3400,890,positive
gen_3512,2025-06-12 19:55:23,"Government can slow the tech but they cannot kill the math.",user_10,6700,1800,positive
gen_3513,2025-06-13 08:05:12,"Bitcoin is the separation of money and state. It's the only way.",user_41,12000,4500,positive
gen_3514,2025-06-13 22:40:00,"Taxes on crypto are being debated worldwide. Hope for common sense.",user_77,4500,1100,neutral
gen_3515,2025-06-14 10:15:33,"Global south continues to lead in actual Bitcoin utility today.",user_34,3100,780,positive
gen_3516,2025-06-14 23:58:19,"Bullish on politicians who actually take the time to learn the tech.",user_60,5600,1400,positive
gen_3517,2025-06-15 12:12:44,"Keys in your hand or money in the bank. Choose your fate.",user_92,2100,450,negative
gen_3518,2025-06-15 20:05:01,"Blockchain makes government transparency unavoidable. Bullish for truth.",user_20,8900,2400,positive
gen_3519,2025-06-16 09:30:15,"Bitcoin is the only neutral money in a world of trade wars.",user_12,6700,1800,positive
gen_3520,2025-06-16 17:45:50,"Smart contracts are going to revolutionize the legal industry. Massive.",user_50,3400,900,positive
gen_3521,2025-06-17 10:10:00,"The end of centralized money control is near. Freedom is coming.",user_40,15000,5600,positive
gen_3522,2025-06-17 14:55:12,"Fair regulation will bring more users than any hype cycle ever did.",user_68,4200,1100,neutral
gen_3523,2025-06-18 08:30:45,"Attacking BTC just makes it stronger and more resilient over time.",user_17,3100,780,positive
gen_3524,2025-06-18 15:15:30,"A world on the Bitcoin standard would have fewer wars. Facts.",user_30,5600,1400,positive
gen_3525,2025-06-19 09:05:11,"Bitcoin is truth in a world of political noise. HODL the truth.",user_51,8900,2400,positive
gen_3526,2025-06-19 13:40:22,"Remittances via stablecoins are saving workers millions in fees.",user_86,2300,540,positive
gen_3527,2025-06-19 18:55:01,"Ethereum is the backbone of the new digital financial internet.",user_90,6700,1800,positive
gen_3528,2025-06-20 07:12:33,"Mining with waste energy is the ultimate ESG victory for crypto.",user_27,12000,4500,positive
gen_3529,2025-06-20 12:22:50,"The fight for decentralization is the fight for our digital future.",user_11,7800,2100,positive
gen_3530,2025-06-20 21:05:19,"When they say they protect investors, they mean they want fees.",user_72,3400,900,negative
gen_3531,2025-06-21 11:15:44,"DeSci is fixing the broken incentives in academic research. Huge win.",user_55,2100,450,positive
gen_3532,2025-06-21 17:30:00,"Gov asset freezes are the number one reason to own Bitcoin today.",user_14,15000,5600,positive
gen_3533,2025-06-22 10:45:11,"Bitcoin is the first asset that belongs to all humanity. HODL.",user_81,4200,1100,positive
gen_3534,2025-06-22 15:12:55,"Politics is a lagging indicator for technology. We already won.",user_69,8900,2400,positive
gen_3535,2025-06-22 22:50:33,"Stablecoins are the most successful product-market fit in decades.",user_11,3100,780,positive
gen_3536,2025-06-23 09:20:10,"The crypto vote will decide the next wave of global leadership.",user_43,5600,1400,positive
gen_3537,2025-06-23 14:05:45,"Ratioing politicians who don't understand wallets is my therapy.",user_59,2300,540,positive
gen_3538,2025-06-24 08:30:12,"Bitcoin is a peaceful protest against the debasement of labor.",user_70,6700,1800,positive
gen_3539,2025-06-24 16:45:20,"Freedom to save without state-sponsored inflation is a right.",user_22,12000,4500,positive
gen_3540,2025-06-24 21:15:00,"The old system is failing and Bitcoin is the only lifeboat left.",user_38,3400,900,positive
gen_3541,2025-06-25 10:12:33,"Auditing government on the blockchain will be the ultimate win.",user_80,2100,450,positive
gen_3542,2025-06-25 14:55:10,"Every new pro-crypto bill is a nail in the coffin of fiat.",user_15,8900,2400,positive
gen_3543,2025-06-25 19:30:55,"Crypto is the frontier of liberty. Don't let them take it.",user_79,6700,1800,positive
gen_3544,2025-06-26 08:15:22,"Financial liberty is the only way to be truly independent today.",user_10,15000,5600,positive
gen_3545,2025-06-26 13:40:40,"Automation of trust is the biggest software update in human history.",user_92,4200,1100,positive
gen_3546,2025-06-26 17:10:05,"Web3 is reclaim the web from the political-tech complex. HODL.",user_41,3100,780,positive
gen_3547,2025-06-27 09:05:33,"Bitcoin is the neutral money for a globally connected world. HODL.",user_20,5600,1400,positive
gen_3548,2025-06-27 14:55:12,"Governments that ban crypto will face a massive brain drain soon.",user_6,2300,540,negative
gen_3549,2025-06-27 20:30:45,"The crypto community is the new political superpower. Get used to it.",user_3,6700,1800,positive
gen_3550,2025-06-28 11:20:18,"Financial sovereignty is the most important fight of 2025. Win it.",user_10,12000,4500,positive
